Title,City,Salary,EmploymentType,JobURL,Company,Posted_date,RemoteStatus,JobID,Current_Date_Time
Data Analyst,Remote Nationwide,$0 / ,Contractor,"https://www.ziprecruiter.com/c/eTeam-Inc/Job/Data-Analyst/-in-Remote,US?jid=6b45f67207ba682d",eTeam Inc,2024-01-31T08:00:00Z,remote,6b45f67207ba682d,2024-02-01T12:36:32Z
Sr. Project Analyst,Newport Beach,$49 - $51 / hr,Contractor,"https://www.ziprecruiter.com/c/DB-HEALTHCARE-INC/Job/Sr.-Project-Analyst/-in-Newport-Beach,CA?jid=b8f38f3e28c5baf6",DB HEALTHCARE INC,2023-12-12T15:27:50Z,remote,b8f38f3e28c5baf6,2024-02-01T12:36:32Z
Data Analyst/Business Analyst (MOVEit),Minneapolis,$35 - $45 / hr,Contractor,"https://www.ziprecruiter.com/c/TEKsystems/Job/Data-Analyst-Business-Analyst-(MOVEit)/-in-Minneapolis,MN?jid=0d14528708ae2047",TEKsystems,2024-01-25T16:41:43Z,,0d14528708ae2047,2024-02-01T12:36:32Z
QuickSight Data Analyst,Franklin Lakes,$0 / ,Contractor,"https://www.ziprecruiter.com/c/RIT-Solutions/Job/QuickSight-Data-Analyst/-in-Franklin-Lakes,NJ?jid=303a25ca547123ca",RIT Solutions,2024-01-31T08:00:00Z,,303a25ca547123ca,2024-02-01T12:36:32Z
Data Analyst,Fremont,$50 - $55 / hr,Contractor,"https://www.ziprecruiter.com/c/TEKsystems/Job/Data-Analyst/-in-Fremont,CA?jid=b7805bc4ae425006",TEKsystems,2024-01-19T03:07:09Z,,b7805bc4ae425006,2024-02-01T12:36:32Z
REMOTE - Data Analyst,Remote,$0 / ,Contractor,"https://www.ziprecruiter.com/c/Platinum-Resource-Group/Job/REMOTE-Data-Analyst/-in-Remote,OR?jid=8630e34d6771d89a",Platinum Resource Group,2024-01-23T08:00:00Z,remote,8630e34d6771d89a,2024-02-01T12:36:32Z
IT DATA ANALYST,Iselin,$18 - $20 / hr,Contractor,"https://www.ziprecruiter.com/c/Pyramid-Consulting/Job/IT-DATA-ANALYST/-in-Iselin,NJ?jid=ceecb21f79464706",Pyramid Consulting,2023-07-10T07:00:00Z,,ceecb21f79464706,2024-02-01T12:36:32Z
Data Analyst,Antioch,$44 - $46.21 / hr,Contractor,"https://www.ziprecruiter.com/c/Alpha-Consulting-Corp./Job/Data-Analyst/-in-Antioch,IL?jid=7518e4f178a979d4",Alpha Consulting Corp.,2024-01-05T08:00:00Z,,7518e4f178a979d4,2024-02-01T12:36:32Z
Data Analyst I,Culver City,$34 - $39 / hr,Contractor,"https://www.ziprecruiter.com/c/MindSource/Job/Data-Analyst-I/-in-Culver-City,CA?jid=0baf84afe56be08b",MindSource,2024-01-11T08:00:00Z,remote,0baf84afe56be08b,2024-02-01T12:36:32Z
Data Analyst,San Francisco,$60 - $63 / hr,Contractor,"https://www.ziprecruiter.com/c/Laboratory-Technician-|-St.-Cloud-Shines/Job/Data-Analyst/-in-San-Francisco,CA?jid=6b706d3c3fcd5c9f",Laboratory Technician | St. Cloud Shines,2023-09-01T07:00:00Z,remote,6b706d3c3fcd5c9f,2024-02-01T12:36:32Z
JR DATA ANALYST,Costa Mesa,$0 / ,Contractor,"https://www.ziprecruiter.com/c/Skiltrek/Job/JR-DATA-ANALYST/-in-Costa-Mesa,CA?jid=37720fc7ff9779ef",Skiltrek,2023-04-28T07:00:00Z,remote,37720fc7ff9779ef,2024-02-01T12:36:32Z
Data Analyst I-III,Myrtle Point,$15 - $24.70 / hr,Contractor,"https://www.ziprecruiter.com/c/InfoAge-Solutions-(IAS)/Job/Data-Analyst-I-III/-in-Myrtle-Point,OR?jid=647d7c634ccfd35c",InfoAge Solutions (IAS),2024-01-19T00:00:00Z,,647d7c634ccfd35c,2024-02-01T12:36:32Z
Data Analyst,Beaverton,$0 / ,Contractor,"https://www.ziprecruiter.com/c/Genoa-Employment-Solutions-Inc/Job/Data-Analyst/-in-Beaverton,OR?jid=bac461cd631bdf85",Genoa Employment Solutions Inc,2022-11-29T07:27:49Z,remote,bac461cd631bdf85,2024-02-01T12:36:32Z
Data Analyst (Generic),San Jose,$0 / ,Contractor,"https://www.ziprecruiter.com/c/Zealogics.com/Job/Data-Analyst-(Generic)/-in-San-Jose,CA?jid=4ba1f99cab4a2a39",Zealogics.com,2024-01-30T21:11:23Z,,4ba1f99cab4a2a39,2024-02-01T12:36:32Z
MDM - Business Analyst,New York,$0 / ,Contractor,"https://www.ziprecruiter.com/c/eTeam/Job/MDM-Business-Analyst/-in-New-York,NY?jid=4e8c472778a55ab9",eTeam,2023-10-19T07:00:00Z,,4e8c472778a55ab9,2024-02-01T12:36:32Z
Product Analyst,Burnsville,$25 - $33 / hr,Contractor,"https://www.ziprecruiter.com/c/Konik/Job/Product-Analyst/-in-Burnsville,MN?jid=cee7a3e738b2add2",Konik,2024-01-17T08:00:00Z,,cee7a3e738b2add2,2024-02-01T12:36:32Z
NCDIT - Data Analyst - Senior,Raleigh,$84K - $106K / yr,Contractor,"https://www.ziprecruiter.com/c/Abacus-Service-Corporation/Job/NCDIT-Data-Analyst-Senior/-in-Raleigh,NC?jid=3bcb55237a798d13",Abacus Service Corporation,2024-01-31T08:00:00Z,,3bcb55237a798d13,2024-02-01T12:36:32Z
TRIBAL INTERN - Data Analyst,Phoenix,$20 / hr,Contractor,"https://www.ziprecruiter.com/c/Central-Arizona-Project/Job/TRIBAL-INTERN-Data-Analyst/-in-Phoenix,AZ?jid=d9df4b57a4a7474f",Central Arizona Project,2023-12-18T00:00:00Z,remote,d9df4b57a4a7474f,2024-02-01T12:36:32Z
Data Analyst,San Diego,$24 / hr,Contractor,"https://www.ziprecruiter.com/c/Artech-Information-System-LLC/Job/Data-Analyst/-in-San-Diego,CA?jid=950d2cf00803f1b1",Artech Information System LLC,2017-09-08T07:00:00Z,,950d2cf00803f1b1,2024-02-01T12:36:32Z
Sr. Data Analyst,Rockville,$88K - $111K / yr,Contractor,"https://www.ziprecruiter.com/c/RIT-Solutions/Job/Sr.-Data-Analyst/-in-Rockville,MD?jid=8739dd3e2e7afe3b",RIT Solutions,2024-01-31T08:00:00Z,,8739dd3e2e7afe3b,2024-02-01T12:36:32Z
TRIBAL INTERN - Data Analyst,Phoenix,$20 / hr,Contractor,"https://www.ziprecruiter.com/c/Central-Arizona-Project/Job/TRIBAL-INTERN-Data-Analyst/-in-Phoenix,AZ?jid=d9df4b57a4a7474f",Central Arizona Project,2023-12-18T00:00:00Z,remote,d9df4b57a4a7474f,2024-02-01T12:36:39Z
Business Analyst Finance,Chicago,$0 / ,Contractor,"https://www.ziprecruiter.com/c/Resource-Logistics/Job/Business-Analyst-Finance/-in-Chicago,IL?jid=28de9a811ab399d2",Resource Logistics,2024-01-18T08:00:00Z,,28de9a811ab399d2,2024-02-01T12:36:39Z
Data Analyst,San Diego,$24 / hr,Contractor,"https://www.ziprecruiter.com/c/Artech-Information-System-LLC/Job/Data-Analyst/-in-San-Diego,CA?jid=950d2cf00803f1b1",Artech Information System LLC,2017-09-08T07:00:00Z,,950d2cf00803f1b1,2024-02-01T12:36:39Z
Sr. Data Analyst,Rockville,$88K - $111K / yr,Contractor,"https://www.ziprecruiter.com/c/RIT-Solutions/Job/Sr.-Data-Analyst/-in-Rockville,MD?jid=8739dd3e2e7afe3b",RIT Solutions,2024-01-31T08:00:00Z,,8739dd3e2e7afe3b,2024-02-01T12:36:39Z
Data Analyst,Minneapolis,$50 / hr,Contractor,"https://www.ziprecruiter.com/c/EA-Team-Inc./Job/Data-Analyst/-in-Minneapolis,MN?jid=68cd85c8f61828a7",EA Team Inc.,2018-12-19T08:00:00Z,,68cd85c8f61828a7,2024-02-01T12:36:39Z
Real World Evidence (RWE) - Data Analyst,Remote,$0 / ,Contractor,"https://www.ziprecruiter.com/c/Alpha-Consulting-Corp./Job/Real-World-Evidence-(RWE)-Data-Analyst/-in-Remote,OR?jid=48b94654857cd8b5",Alpha Consulting Corp.,2023-10-25T11:46:03Z,remote,48b94654857cd8b5,2024-02-01T12:36:39Z
Compliance Analyst (eCommerce) - Hybrid,San Jose,$35 - $41.52 / hr,Contractor,"https://www.ziprecruiter.com/c/Intelliswift-Software-Inc/Job/Compliance-Analyst-(eCommerce)-Hybrid/-in-San-Jose,CA?jid=0afa3d6c25e4f3ab",Intelliswift Software Inc,2024-01-10T10:20:17Z,,0afa3d6c25e4f3ab,2024-02-01T12:36:39Z
Hiring for Business Analyst Roles,Chicago,$0 / ,Contractor,"https://www.ziprecruiter.com/c/Beta-oft-Systems-Inc/Job/Hiring-for-Business-Analyst-Roles/-in-Chicago,IL?jid=fe5068bb77c241ea",Beta oft Systems Inc,2020-03-11T00:00:00Z,,fe5068bb77c241ea,2024-02-01T12:36:39Z
Senior Project Analyst,Newport Beach,$45 - $55 / hr,Contractor,"https://www.ziprecruiter.com/c/Peregrine-Team/Job/Senior-Project-Analyst/-in-Newport-Beach,CA?jid=696046f07b3f513b",Peregrine Team,2024-01-12T04:08:22Z,,696046f07b3f513b,2024-02-01T12:36:39Z
Data Analyst IV,Cupertino,$61 - $66 / hr,Contractor,"https://www.ziprecruiter.com/c/MindSource/Job/Data-Analyst-IV/-in-Cupertino,CA?jid=bd445b724c7a0ffb",MindSource,2024-01-22T08:00:00Z,,bd445b724c7a0ffb,2024-02-01T12:36:39Z
Digital eCommerce Analyst,Calabasas,$30 / hr,Contractor,"https://www.ziprecruiter.com/c/Adecco/Job/Digital-eCommerce-Analyst/-in-Calabasas,CA?jid=2a13145ded493872",Adecco,2024-01-05T00:28:47Z,,2a13145ded493872,2024-02-01T12:36:39Z
Data Analyst/SR (29689),Phoenix,$0 / ,Contractor,"https://www.ziprecruiter.com/c/IDEALFORCE-LLC/Job/Data-Analyst-SR-(29689)/-in-Phoenix,AZ?jid=345df3be7374aaa3",IDEALFORCE LLC,2014-07-25T07:00:00Z,,345df3be7374aaa3,2024-02-01T12:36:39Z
Jr- Mid-level Data Analyst/Engineer,Englewood,$0 / ,Contractor,"https://www.ziprecruiter.com/c/ClientSolv-Technologies/Job/Jr-Mid-level-Data-Analyst-Engineer/-in-Englewood,CO?jid=65f771f3568973d7",ClientSolv Technologies,2022-01-25T08:00:00Z,,65f771f3568973d7,2024-02-01T12:36:39Z
Energy Market Operations Analyst,Taylor,$0 / ,Contractor,"https://www.ziprecruiter.com/c/MWResource,-Inc./Job/Energy-Market-Operations-Analyst/-in-Taylor,TX?jid=a38f7213397c9b8e","MWResource, Inc.",2024-01-31T09:03:11Z,,a38f7213397c9b8e,2024-02-01T12:36:39Z
Data Analyst,Phoenix,$0 / ,Contractor,"https://www.ziprecruiter.com/c/Atria-Group-LLC/Job/Data-Analyst/-in-Phoenix,AZ?jid=dd96659d6e5639ac",Atria Group LLC,2016-02-15T08:00:00Z,,dd96659d6e5639ac,2024-02-01T12:36:39Z
ArcGis Data Analyst,Denver,$0 / ,Contractor,"https://www.ziprecruiter.com/c/Marathon-TS/Job/ArcGis-Data-Analyst/-in-Denver,CO?jid=46b475e2eec62c1f",Marathon TS,2019-08-21T07:00:00Z,,46b475e2eec62c1f,2024-02-01T12:36:39Z
Looking for a Data analyst with our direct banking client,Plano,$0 / ,Contractor,"https://www.ziprecruiter.com/c/Artech/Job/Looking-for-a-Data-analyst-with-our-direct-banking-client/-in-Plano,TX?jid=4035bf9df57fd074",Artech,2023-10-06T23:13:04Z,,4035bf9df57fd074,2024-02-01T12:36:39Z
"Data Analyst Lead - Richardson, TX",Richardson,$0 / ,Contractor,"https://www.ziprecruiter.com/c/Deegit-Inc/Job/Data-Analyst-Lead-Richardson,-TX/-in-Richardson,TX?jid=1e18680fcf5aee29",Deegit Inc,2015-09-21T00:00:00Z,,1e18680fcf5aee29,2024-02-01T12:36:39Z
Data Analyst Level II (38945),Phoenix,$0 / ,Contractor,"https://www.ziprecruiter.com/c/IDEALFORCE-LLC/Job/Data-Analyst-Level-II-(38945)/-in-Phoenix,AZ?jid=9b242ea8c070cc49",IDEALFORCE LLC,2016-02-24T08:00:00Z,,9b242ea8c070cc49,2024-02-01T12:36:39Z
Data Analyst (Research Analyst),Lake Bluff,$0 / ,Contractor,"https://www.ziprecruiter.com/c/Infinite-Computing-Systems/Job/Data-Analyst-(Research-Analyst)/-in-Lake-Bluff,IL?jid=9d9f4742a7f4854b",Infinite Computing Systems,2020-11-05T08:00:00Z,,9d9f4742a7f4854b,2024-02-01T12:36:43Z
Document/Data Analyst,Boulder,$0 / ,Contractor,"https://www.ziprecruiter.com/c/Integrated-Resources-INC/Job/Document-Data-Analyst/-in-Boulder,CO?jid=09372b8099ec323f",Integrated Resources INC,2016-08-09T07:00:00Z,,09372b8099ec323f,2024-02-01T12:36:43Z
Data Analyst,Salem,$0 / ,Contractor,"https://www.ziprecruiter.com/c/Stem-Xpert/Job/Data-Analyst/-in-Salem,OR?jid=69b7e02b86badaa3",Stem Xpert,2014-11-21T08:00:00Z,,69b7e02b86badaa3,2024-02-01T12:36:43Z
Business Intelligence Analyst,San Francisco,$75 / hr,Contractor,"https://www.ziprecruiter.com/c/Estrada-Consulting-Incorporated/Job/Business-Intelligence-Analyst/-in-San-Francisco,CA?jid=0008e628e95ca8b5",Estrada Consulting Incorporated,2024-01-22T21:58:38Z,,0008e628e95ca8b5,2024-02-01T12:36:43Z
Sr. Business Analyst - Pharmacovigilance,Florham Park,$97K - $125K / yr,Contractor,"https://www.ziprecruiter.com/c/Atlas/Job/Sr.-Business-Analyst-Pharmacovigilance/-in-Florham-Park,NJ?jid=4a7c301e20322086",Atlas,2024-01-19T08:00:00Z,,4a7c301e20322086,2024-02-01T12:36:43Z
"Analyst, Data and Analysis Intern",San Francisco,$0 / ,Contractor,"https://www.ziprecruiter.com/c/Publicis-Groupe/Job/Analyst,-Data-and-Analysis-Intern/-in-San-Francisco,CA?jid=61c7e92514107beb",Publicis Groupe,2024-01-26T00:00:00Z,,61c7e92514107beb,2024-02-01T12:36:43Z
Data Analyst with Power BI Report,Redmond,$0 / ,Contractor,"https://www.ziprecruiter.com/c/Scout-ET/Job/Data-Analyst-with-Power-BI-Report/-in-Redmond,WA?jid=7a97b3a610570e4f",Scout ET,2016-09-08T07:00:00Z,,7a97b3a610570e4f,2024-02-01T12:36:43Z
"Compliance Reporting Data Analyst - Smartsheets, Tableau",Beaverton,$0 / ,Contractor,"https://www.ziprecruiter.com/c/Genoa-Employment-Solutions-Inc/Job/Compliance-Reporting-Data-Analyst-Smartsheets,-Tableau/-in-Beaverton,OR?jid=f71ec2dacc999989",Genoa Employment Solutions Inc,2022-11-29T09:58:53Z,,f71ec2dacc999989,2024-02-01T12:36:43Z
"Urgent need - Data Analyst - Seattle, WA",Seattle,$0 / ,Contractor,"https://www.ziprecruiter.com/c/Deegit-Inc/Job/Urgent-need-Data-Analyst-Seattle,-WA/-in-Seattle,WA?jid=3eaf4a58da5cdc0c",Deegit Inc,2015-08-20T00:00:00Z,,3eaf4a58da5cdc0c,2024-02-01T12:36:43Z
Data Analyst with Power BI,Redmond,$0 / ,Contractor,"https://www.ziprecruiter.com/c/EA-Team-Inc./Job/Data-Analyst-with-Power-BI/-in-Redmond,WA?jid=f6d66dea23b7b736",EA Team Inc.,2019-02-27T08:00:00Z,,f6d66dea23b7b736,2024-02-01T12:36:43Z
Data Analyst II,Cupertino,$0 / ,Contractor,"https://www.ziprecruiter.com/c/Artech/Job/Data-Analyst-II/-in-Cupertino,CA?jid=3846a6651bb0f121",Artech,2024-01-04T08:00:00Z,,3846a6651bb0f121,2024-02-01T12:36:43Z
Marketing Business Analyst (Project Manager),Bellevue,$76.58 - $79.22 / hr,Contractor,"https://www.ziprecruiter.com/c/Intelliswift-Software-Inc/Job/Marketing-Business-Analyst-(Project-Manager)/-in-Bellevue,WA?jid=3b1860319896897c",Intelliswift Software Inc,2024-01-18T04:23:48Z,,3b1860319896897c,2024-02-01T12:36:43Z
Data Analyst,Santa Monica,$0 / ,Contractor,"https://www.ziprecruiter.com/c/Prosum/Job/Data-Analyst/-in-Santa-Monica,CA?jid=dc1ceb8099707296",Prosum,2016-12-21T08:00:00Z,,dc1ceb8099707296,2024-02-01T12:36:43Z
"Junior Data Analyst / Denver, CO ( Hybrid), 8+ Months Contract",Denver,$0 / ,Contractor,"https://www.ziprecruiter.com/c/Suncap-Technology/Job/Junior-Data-Analyst-Denver,-CO-(-Hybrid),-8+-Months-Contract/-in-Denver,CO?jid=2b01bf91e70580c4",Suncap Technology,2022-12-14T08:00:00Z,,2b01bf91e70580c4,2024-02-01T12:36:43Z
Data Analyst,San Jose,$0 / ,Contractor,"https://www.ziprecruiter.com/c/LatentView/Job/Data-Analyst/-in-San-Jose,CA?jid=4ac796a47f9ce22e",LatentView,2022-05-31T07:00:00Z,,4ac796a47f9ce22e,2024-02-01T12:36:43Z
Data Analyst,San Jose,$0 / ,Contractor,"https://www.ziprecruiter.com/c/Intelliswift/Job/Data-Analyst/-in-San-Jose,CA?jid=82aecfa16df76563",Intelliswift,2021-05-26T07:00:00Z,,82aecfa16df76563,2024-02-01T12:36:43Z
Infrastructure Business Analyst Co-op,Vancouver,$0 / ,Contractor,"https://www.ziprecruiter.com/c/Teck-Resources-Limited/Job/Infrastructure-Business-Analyst-Co-op/-in-Vancouver,WA?jid=9b054d9007b8385b",Teck Resources Limited,2024-01-31T08:00:00Z,,9b054d9007b8385b,2024-02-01T12:36:43Z
Data Analyst,San Francisco,$0 / ,Contractor,"https://www.ziprecruiter.com/c/Micasa-Global/Job/Data-Analyst/-in-San-Francisco,CA?jid=fb7ba13b2a0e2634",Micasa Global,2022-01-11T08:00:00Z,,fb7ba13b2a0e2634,2024-02-01T12:36:43Z
Advanced Analyst,Daly City,$0 / ,Contractor,"https://www.ziprecruiter.com/c/Data-Engineering-Manager-:-22-23914-.-Engineering-Jobs-|-Engineer-Careers-Canada/Job/Advanced-Analyst/-in-Daly-City,CA?jid=6945195327d336a0",Data Engineering Manager #: 22-23914 . - Engineering Jobs | Engineer Careers Canada,2024-01-18T08:00:00Z,remote,6945195327d336a0,2024-02-01T12:36:46Z
Business Analyst - Utility Data Contractors,San Diego,$0 / ,Contractor,"https://www.ziprecruiter.com/c/Shiftcode-Analytics,-Inc/Job/Business-Analyst-Utility-Data-Contractors/-in-San-Diego,CA?jid=adac6c46d75ea85c","Shiftcode Analytics, Inc",2024-01-23T04:40:46Z,,adac6c46d75ea85c,2024-02-01T12:36:46Z
SQL Developer,Norcross,"$110,000 / yr",Contractor,"https://www.ziprecruiter.com/c/Wisemen-Multimedia,-LLC/Job/SQL-Developer/-in-Norcross,GA?jid=79e26909e62dc8cc","Wisemen Multimedia, LLC",2024-02-01T06:37:17Z,,79e26909e62dc8cc,2024-02-01T12:36:46Z
Business Analyst/ Short Term Remote - 1 month Contract,Remote,$0 / ,Contractor,"https://www.ziprecruiter.com/c/Suncap-Technology/Job/Business-Analyst-Short-Term-Remote-1-month-Contract/-in-Remote,OR?jid=67114b1b59bb06d3",Suncap Technology,2024-01-22T08:00:00Z,,67114b1b59bb06d3,2024-02-01T12:36:46Z
Data Integration Architect,Pleasanton,$52 - $69 / hr,Contractor,"https://www.ziprecruiter.com/c/Workday/Job/Data-Integration-Architect/-in-Pleasanton,CA?jid=a81d12218066b32d",Workday,2024-01-24T03:48:28Z,,a81d12218066b32d,2024-02-01T12:36:46Z
BUSINESS ANALYST,Addison,$0 / ,Contractor,"https://www.ziprecruiter.com/c/SHIRO-Technologies-Inc/Job/BUSINESS-ANALYST/-in-Addison,TX?jid=2004fb116661e78a",SHIRO Technologies Inc,2023-06-23T00:00:00Z,,2004fb116661e78a,2024-02-01T12:36:46Z
Denver CO_Business Data analyst(SAS exp preferrred)_W2,Denver,$0 / ,Contractor,"https://www.ziprecruiter.com/c/360-IT-Professionals/Job/Denver-CO_Business-Data-analyst(SAS-exp-preferrred)_W2/-in-Denver,CO?jid=4f192d2530bd1c5b",360 IT Professionals,2017-06-02T07:00:00Z,,4f192d2530bd1c5b,2024-02-01T12:36:46Z
Business Data Analyst III,Denver,$0 / ,Contractor,"https://www.ziprecruiter.com/c/Ask-IT-consulting/Job/Business-Data-Analyst-III/-in-Denver,CO?jid=b1ee76a754536486",Ask IT consulting,2017-07-12T07:00:00Z,,b1ee76a754536486,2024-02-01T12:36:46Z
Senior Data Analyst,San Jose,$0 / ,Contractor,"https://www.ziprecruiter.com/c/FocusKPI-Inc./Job/Senior-Data-Analyst/-in-San-Jose,CA?jid=a2686abbd95104cd",FocusKPI Inc.,2023-12-13T23:15:05Z,,a2686abbd95104cd,2024-02-01T12:36:46Z
Jr. Data Analyst,Walnut Creek,$0 / ,Contractor,"https://www.ziprecruiter.com/c/Artech-Information-System-LLC/Job/Jr.-Data-Analyst/-in-Walnut-Creek,CA?jid=a1d231590e7a6886",Artech Information System LLC,2017-02-16T08:00:00Z,,a1d231590e7a6886,2024-02-01T12:36:46Z
Data Analyst,Santa Ana,$0 / ,Contractor,"https://www.ziprecruiter.com/c/Collabera/Job/Data-Analyst/-in-Santa-Ana,CA?jid=b1bf6a813ccbf74a",Collabera,2015-04-03T07:00:00Z,,b1bf6a813ccbf74a,2024-02-01T12:36:46Z
Business Data Analyst,Seattle,$0 / ,Contractor,"https://www.ziprecruiter.com/c/Full-Time-Contract-for-Workday-Integrations-Consultant-in-Sunnyvale-or-Austin-(Relocation-necessa.../Job/Business-Data-Analyst/-in-Seattle,WA?jid=63f70720679a7d95",Full Time/Contract for Workday Integrations Consultant in Sunnyvale or Austin (Relocation necessa...,2023-09-28T07:00:00Z,,63f70720679a7d95,2024-02-01T12:36:46Z
Business Analyst - III,San Francisco,$58 / hr,Contractor,"https://www.ziprecruiter.com/c/TechDigital-Corporation/Job/Business-Analyst-III/-in-San-Francisco,CA?jid=ff6d33c29826a7f0",TechDigital Corporation,2024-01-05T04:30:56Z,,ff6d33c29826a7f0,2024-02-01T12:36:46Z
Business Analyst with Investment Management expertise,Boston,$0 / ,Contractor,"https://www.ziprecruiter.com/c/Kaygen/Job/Business-Analyst-with-Investment-Management-expertise/-in-Boston,MA?jid=88cf53ff24e92fed",Kaygen,2023-09-27T07:00:00Z,,88cf53ff24e92fed,2024-02-01T12:36:46Z
Operations Analyst,Deerfield,$0 / ,Contractor,"https://www.ziprecruiter.com/c/Project-Specialist-1-:-23-01710-Jobymind.com/Job/Operations-Analyst/-in-Deerfield,IL?jid=777755e76a5ed00a",Project Specialist - 1 #: 23-01710 - Jobymind.com,2024-01-11T08:00:00Z,,777755e76a5ed00a,2024-02-01T12:36:46Z
Sr. Data Analyst,San Diego,$91K - $115K / yr,Contractor,"https://www.ziprecruiter.com/c/CEDENT/Job/Sr.-Data-Analyst/-in-San-Diego,CA?jid=389bda92b64f3c1d",CEDENT,2023-06-26T10:00:00Z,,389bda92b64f3c1d,2024-02-01T12:36:46Z
Workday Data Analyst,San Francisco,$0 / ,Contractor,"https://www.ziprecruiter.com/c/Abacus-Service-Corporation/Job/Workday-Data-Analyst/-in-San-Francisco,CA?jid=30352ba023de8fe1",Abacus Service Corporation,2021-12-16T08:00:00Z,,30352ba023de8fe1,2024-02-01T12:36:46Z
SCADA Analyst/Programmer - Contract,Anchorage,$0 / ,Contractor,"https://www.ziprecruiter.com/c/ConocoPhillips/Job/SCADA-Analyst-Programmer-Contract/-in-Anchorage,AK?jid=24c7f0088cc971bd",ConocoPhillips,2024-01-26T07:04:33Z,,24c7f0088cc971bd,2024-02-01T12:36:46Z
"Title V Data Research Analyst, Institutional Planning & Research Department",Los Angeles,"$5,666.67 / mo",Contractor,"https://www.ziprecruiter.com/c/Mount-St.Marys-College,-Los-Angeles/Job/Title-V-Data-Research-Analyst,-Institutional-Planning-&-Research-Department/-in-Los-Angeles,CA?jid=e6c7929cb56c977c","Mount St.Mary's College, Los Angeles",2023-12-19T00:00:00Z,remote,e6c7929cb56c977c,2024-02-01T12:36:46Z
Data Quality Analyst,Dallas,$0 / ,Contractor,"https://www.ziprecruiter.com/c/Pyramid-Consulting/Job/Data-Quality-Analyst/-in-Dallas,TX?jid=bddd54af6b117af5",Pyramid Consulting,2018-07-03T07:00:00Z,,bddd54af6b117af5,2024-02-01T12:36:46Z
Data Analyst - Evergreen,Bodega Bay,$0 / ,Contractor,"https://www.ziprecruiter.com/c/Lever-Demo-2/Job/Data-Analyst-Evergreen/-in-Bodega-Bay,CA?jid=b136bde012399a72",Lever Demo 2,2021-09-22T07:00:00Z,,b136bde012399a72,2024-02-01T12:36:55Z
System Analyst- Product Information Management,Remote,$0 / ,Contractor,"https://www.ziprecruiter.com/c/Analyst-It-Vulnerability-Management-:-23-00057-IT-Jobs-|-IT-Positions/Job/System-Analyst-Product-Information-Management/-in-Remote,OR?jid=4d82205f42bd204e",Analyst It Vulnerability Management #: 23-00057 - IT Jobs | IT Positions,2024-01-11T08:00:00Z,,4d82205f42bd204e,2024-02-01T12:36:55Z
Data Migration Analyst,Sunnyvale,$0 / ,Contractor,"https://www.ziprecruiter.com/c/US-Tech-Solutions/Job/Data-Migration-Analyst/-in-Sunnyvale,CA?jid=a633a087c8b45c34",US Tech Solutions,2016-10-25T07:00:00Z,,a633a087c8b45c34,2024-02-01T12:36:55Z
Functional Analyst with Wealth Management,Day,$0 / ,Contractor,"https://www.ziprecruiter.com/c/AppLab-Systems,-Inc./Job/Functional-Analyst-with-Wealth-Management/-in-Day,FL?jid=f58da14b5730bebf","AppLab Systems, Inc.",2023-04-04T07:00:00Z,,f58da14b5730bebf,2024-02-01T12:36:55Z
Account Receivable Analyst,Tempe,$28 / hr,Contractor,"https://www.ziprecruiter.com/c/Global-Channel-Management,-Inc./Job/Account-Receivable-Analyst/-in-Tempe,AZ?jid=2e007c104e4bb230","Global Channel Management, Inc.",2017-08-24T07:00:00Z,,2e007c104e4bb230,2024-02-01T12:36:55Z
Business Data Analyst,Herndon,$0 / ,Contractor,"https://www.ziprecruiter.com/c/H1B-Sponsorship-Jobs-in-Usa/Job/Business-Data-Analyst/-in-Herndon,VA?jid=147429329457c4d9",H1B Sponsorship Jobs in Usa,2023-11-29T08:00:00Z,,147429329457c4d9,2024-02-01T12:36:55Z
IT Data Analyst,Nashville,$0 / ,Contractor,"https://www.ziprecruiter.com/c/Open-Systems-Technologies/Job/IT-Data-Analyst/-in-Nashville,TN?jid=73bf746eb108c3e2",Open Systems Technologies,2017-07-05T07:00:00Z,,73bf746eb108c3e2,2024-02-01T12:36:55Z
Systems and Data Analyst 4,Englewood,$0 / ,Contractor,"https://www.ziprecruiter.com/c/ACL-Digital/Job/Systems-and-Data-Analyst-4/-in-Englewood,CO?jid=e656a75d0618690e",ACL Digital,2023-07-14T00:00:00Z,,e656a75d0618690e,2024-02-01T12:36:55Z
Business Analyst (Business Data Analyst),San Francisco,$0 / ,Contractor,"https://www.ziprecruiter.com/c/H1B-Sponsorship-Jobs-in-Usa/Job/Business-Analyst-(Business-Data-Analyst)/-in-San-Francisco,CA?jid=35093afff9755bdb",H1B Sponsorship Jobs in Usa,2023-11-29T08:00:00Z,,35093afff9755bdb,2024-02-01T12:36:55Z
Data Analyst - Global Places and Security,Santa Clara,$0 / ,Contractor,"https://www.ziprecruiter.com/c/TalentBurst,-Inc./Job/Data-Analyst-Global-Places-and-Security/-in-Santa-Clara,CA?jid=f5439c4e862aab6f","TalentBurst, Inc.",2024-01-08T08:00:00Z,remote,f5439c4e862aab6f,2024-02-01T12:36:55Z
Business Data Analyst,Redwood City,$0 / ,Contractor,"https://www.ziprecruiter.com/c/SV-Tech-Systems-Inc/Job/Business-Data-Analyst/-in-Redwood-City,CA?jid=ef42bafe591f08c6",SV Tech Systems Inc,2015-04-06T07:00:00Z,,ef42bafe591f08c6,2024-02-01T12:36:55Z
Business Analyst/Data Analysts,Santa Clara,$0 / ,Contractor,"https://www.ziprecruiter.com/c/360-IT-Professionals/Job/Business-Analyst-Data-Analysts/-in-Santa-Clara,CA?jid=0767b78ffe8f8abf",360 IT Professionals,2017-08-21T07:00:00Z,,0767b78ffe8f8abf,2024-02-01T12:36:55Z
Business System Data Analyst,Salem,$0 / ,Contractor,"https://www.ziprecruiter.com/c/SA-Technologies-Inc./Job/Business-System-Data-Analyst/-in-Salem,OR?jid=aaabd6b6f0b85f60",SA Technologies Inc.,2017-05-02T07:00:00Z,,aaabd6b6f0b85f60,2024-02-01T12:36:55Z
Supplier Operations Analyst,San Rafael,$0 / ,Contractor,"https://www.ziprecruiter.com/c/Canada-Quality-Manager-I-(Engineering)-:-22-22011-.-Engineering-Jobs-|-Engineer-Careers-Canada/Job/Supplier-Operations-Analyst/-in-San-Rafael,CA?jid=6d1ddabefcc5358b",Canada-Quality Manager I (Engineering) #: 22-22011 . - Engineering Jobs | Engineer Careers Canada,2023-11-07T08:00:00Z,remote,6d1ddabefcc5358b,2024-02-01T12:36:55Z
Senior IT Business Analyst,Remote,$86K - $115K / yr,Contractor,"https://www.ziprecruiter.com/c/Resource-Informatics-Group/Job/Senior-IT-Business-Analyst/-in-Remote,OR?jid=e4ae004eb25f2a28",Resource Informatics Group,2023-11-06T08:00:00Z,,e4ae004eb25f2a28,2024-02-01T12:36:55Z
Data Analytics Developer,Iselin,$0 / ,Contractor,"https://www.ziprecruiter.com/c/Han-Staffing/Job/Data-Analytics-Developer/-in-Iselin,NJ?jid=cda1fce743dadf1a",Han Staffing,2022-09-06T07:00:00Z,,cda1fce743dadf1a,2024-02-01T12:36:55Z
Two Openings - 24 Months Contract - Healthcare Business Analyst with SQL Database experience and BA/,Oakland,$0 / ,Contractor,"https://www.ziprecruiter.com/c/Resource-Informatics-Group-Inc/Job/Two-Openings-24-Months-Contract-Healthcare-Business-Analyst-with-SQL-Database-experience-and-BA-/-in-Oakland,CA?jid=ee7706c10fc46bd4",Resource Informatics Group Inc,2022-09-06T22:45:31Z,,ee7706c10fc46bd4,2024-02-01T12:36:55Z
Engineering Sr Analyst,Saint Paul,$0 / ,Contractor,"https://www.ziprecruiter.com/c/TalentBurst,-Inc./Job/Engineering-Sr-Analyst/-in-Saint-Paul,MN?jid=286a8be48d47025a","TalentBurst, Inc.",2024-01-25T08:00:00Z,,286a8be48d47025a,2024-02-01T12:36:55Z
Climate Risk Business Analyst IV,Menlo Park,$0 / ,Contractor,"https://www.ziprecruiter.com/c/NATA-Certified-|-Columbus-OH-FBO-|-Rickenbacker-Aviation/Job/Climate-Risk-Business-Analyst-IV/-in-Menlo-Park,CA?jid=7cd23531a6911995",NATA-Certified | Columbus OH FBO | Rickenbacker Aviation,2024-01-25T08:00:00Z,remote,7cd23531a6911995,2024-02-01T12:36:55Z
Cyber Security Operations Analyst,San Jose,$50 - $60 / hr,Contractor,"https://www.ziprecruiter.com/c/Ursus,-Inc./Job/Cyber-Security-Operations-Analyst/-in-San-Jose,CA?jid=4d3a6b11f514470a","Ursus, Inc.",2023-09-20T07:00:00Z,,4d3a6b11f514470a,2024-02-01T12:36:55Z
Compensation Analyst,Denver,$0 / ,Contractor,"https://www.ziprecruiter.com/c/Crescens-Inc./Job/Compensation-Analyst/-in-Denver,CO?jid=fbd5874f1eba67f9",Crescens Inc.,2023-08-25T07:00:00Z,remote,fbd5874f1eba67f9,2024-02-01T12:37:00Z
Techno Functional Business Analyst,Plano,$0 / ,Contractor,"https://www.ziprecruiter.com/c/Manual-Tester-Monterrey-empleos-en-mexico/Job/Techno-Functional-Business-Analyst/-in-Plano,TX?jid=7989a909a97ef3e2",Manual Tester - Monterrey - empleos en mexico,2023-08-04T07:00:00Z,,7989a909a97ef3e2,2024-02-01T12:37:00Z
Business Systems Analyst-Senior-CIO Org,San Diego,$60 - $62 / hr,Contractor,"https://www.ziprecruiter.com/c/Leadstack/Job/Business-Systems-Analyst-Senior-CIO-Org/-in-San-Diego,CA?jid=4e4d9fb42a131ce0",Leadstack,2024-01-23T08:00:00Z,remote,4e4d9fb42a131ce0,2024-02-01T12:37:00Z
Scaled Abuse Operations Data Analyst - Arabic,Sunnyvale,$0 / ,Contractor,"https://www.ziprecruiter.com/c/BCforward/Job/Scaled-Abuse-Operations-Data-Analyst-Arabic/-in-Sunnyvale,CA?jid=c714577bdce9656e",BCforward,2016-10-17T07:00:00Z,,c714577bdce9656e,2024-02-01T12:37:00Z
Business Systems Analyst - IT - III,San Mateo,$70 - $80 / hr,Contractor,"https://www.ziprecruiter.com/c/Integrated-Resources,-Inc/Job/Business-Systems-Analyst-IT-III/-in-San-Mateo,CA?jid=a5b8ba6aeecb5216","Integrated Resources, Inc",2024-01-23T04:28:46Z,,a5b8ba6aeecb5216,2024-02-01T12:37:00Z
Operations Analyst,San Jose,$0 / ,Contractor,"https://www.ziprecruiter.com/c/Collabera/Job/Operations-Analyst/-in-San-Jose,CA?jid=c245bf31f24318ed",Collabera,2016-07-14T07:00:00Z,,c245bf31f24318ed,2024-02-01T12:37:00Z
Python Developer - Analyst/Data Scientist,Redmond,$0 / ,Contractor,"https://www.ziprecruiter.com/c/Resource-Logistics/Job/Python-Developer-Analyst-Data-Scientist/-in-Redmond,WA?jid=f8ebe6125239ccb8",Resource Logistics,2023-09-14T07:00:00Z,remote,f8ebe6125239ccb8,2024-02-01T12:37:00Z
Data Analytics Developer,Iselin,$0 / ,Contractor,"https://www.ziprecruiter.com/c/Han-Staffing/Job/Data-Analytics-Developer/-in-Iselin,NJ?jid=cda1fce743dadf1a",Han Staffing,2022-09-06T07:00:00Z,,cda1fce743dadf1a,2024-02-01T12:37:00Z
Business System Analyst,Tempe,$0 / ,Contractor,"https://www.ziprecruiter.com/c/krg-technology-inc/Job/Business-System-Analyst/-in-Tempe,AZ?jid=3b56e4080a7de6bc",krg technology inc,2017-01-26T08:00:00Z,,3b56e4080a7de6bc,2024-02-01T12:37:00Z
Sr Technical Business Analyst (On-site / Seattle),Seattle,$0 / ,Contractor,"https://www.ziprecruiter.com/c/Elyon-International/Job/Sr-Technical-Business-Analyst-(On-site-Seattle)/-in-Seattle,WA?jid=763b291cdd182e03",Elyon International,2023-10-13T23:23:57Z,,763b291cdd182e03,2024-02-01T12:37:00Z
Hiring for Business Analyst Roles,Chicago,$0 / ,Contractor,"https://www.ziprecruiter.com/c/Beta-oft-Systems-Inc/Job/Hiring-for-Business-Analyst-Roles/-in-Chicago,IL?jid=fe5068bb77c241ea",Beta oft Systems Inc,2020-03-11T00:00:00Z,,fe5068bb77c241ea,2024-02-01T12:37:00Z
Lead Business Analyst with Informatica MDM and Customer Life cycle,San Francisco,$0 / ,Contractor,"https://www.ziprecruiter.com/c/Inter-Sources-Inc/Job/Lead-Business-Analyst-with-Informatica-MDM-and-Customer-Life-cycle/-in-San-Francisco,CA?jid=e5154972237cc7e7",Inter Sources Inc,2017-12-19T00:00:00Z,,e5154972237cc7e7,2024-02-01T12:37:00Z
Business Analyst with IHC (Intermediate Holding Company),San Ramon,$0 / ,Contractor,"https://www.ziprecruiter.com/c/INTELLISWIFT-INC/Job/Business-Analyst-with-IHC-(Intermediate-Holding-Company)/-in-San-Ramon,CA?jid=1c18c746f07e81c6",INTELLISWIFT INC,2015-09-03T07:00:00Z,,1c18c746f07e81c6,2024-02-01T12:37:00Z
Business Analyst II - IT,Fort Worth,$0 / ,Contractor,"https://www.ziprecruiter.com/c/Saviance-Technologies/Job/Business-Analyst-II-IT/-in-Fort-Worth,TX?jid=c57953596e66891b",Saviance Technologies,2014-10-30T07:00:00Z,,c57953596e66891b,2024-02-01T12:37:00Z
Business Analyst II,San Jose,$0 / ,Contractor,"https://www.ziprecruiter.com/c/Mindlance/Job/Business-Analyst-II/-in-San-Jose,CA?jid=627a7eac71a757ac",Mindlance,2017-02-09T08:00:00Z,,627a7eac71a757ac,2024-02-01T12:37:00Z
Financial Analyst II / Contract Manager (Contract Contingent),San Antonio,$0 / ,Contractor,"https://www.ziprecruiter.com/c/ProSidian-Consulting,-LLC/Job/Financial-Analyst-II-Contract-Manager-(Contract-Contingent)/-in-San-Antonio,TX?jid=2561e25655119d2b","ProSidian Consulting, LLC",2017-06-29T07:00:00Z,,2561e25655119d2b,2024-02-01T12:37:00Z
Senior Financial Analyst,Santa Clara,$101K - $126K / yr,Contractor,"https://www.ziprecruiter.com/c/Data-Engineering-Manager-:-22-23914-.-Engineering-Jobs-|-Engineer-Careers-Canada/Job/Senior-Financial-Analyst/-in-Santa-Clara,CA?jid=155f9bd3f1ef9fa7",Data Engineering Manager #: 22-23914 . - Engineering Jobs | Engineer Careers Canada,2024-01-17T08:00:00Z,remote,155f9bd3f1ef9fa7,2024-02-01T12:37:00Z
Product Associate - Contract,Remote,$0 / ,Contractor,"https://www.ziprecruiter.com/c/Crosslake-Technologies-LLC/Job/Product-Associate-Contract/-in-Remote,OR?jid=a1a2aab271b03d2f",Crosslake Technologies LLC,2023-11-17T08:00:00Z,remote,a1a2aab271b03d2f,2024-02-01T12:37:00Z
Business Analyst (Banking And Finance),San Ramon,$0 / ,Contractor,"https://www.ziprecruiter.com/c/Jobsbridge/Job/Business-Analyst-(Banking-And-Finance)/-in-San-Ramon,CA?jid=d03e1591c81608bb",Jobsbridge,2015-08-25T07:00:00Z,,d03e1591c81608bb,2024-02-01T12:37:00Z
Business Analyst,Orange County,$0 / ,Contractor,"https://www.ziprecruiter.com/c/Technology-Talent-Network-LLC/Job/Business-Analyst/-in-Orange-County,CA?jid=3ee948882daf601b",Technology Talent Network LLC,2024-01-31T15:52:50Z,remote,3ee948882daf601b,2024-02-01T12:37:05Z
Sr. Project Analyst,Newport Beach,$49 - $51 / hr,Contractor,"https://www.ziprecruiter.com/c/DB-HEALTHCARE-INC/Job/Sr.-Project-Analyst/-in-Newport-Beach,CA?jid=b8f38f3e28c5baf6",DB HEALTHCARE INC,2023-12-12T15:27:50Z,remote,b8f38f3e28c5baf6,2024-02-01T12:37:05Z
Senior Business Analyst / Project Manager,Cerritos,$96K - $124K / yr,Contractor,"https://www.ziprecruiter.com/c/Illuminous-Enterprises-Inc/Job/Senior-Business-Analyst-Project-Manager/-in-Cerritos,CA?jid=85032037bd94afe7",Illuminous Enterprises Inc,2023-06-16T17:34:59Z,remote,85032037bd94afe7,2024-02-01T12:37:05Z
SalesForce Business Systems Analyst (Marketing Cloud) - Partial Remote,Fountain Valley,$130K - $140K / yr,Contractor,"https://www.ziprecruiter.com/c/Silicon-Beach-Solutions/Job/SalesForce-Business-Systems-Analyst-(Marketing-Cloud)-Partial-Remote/-in-Fountain-Valley,CA?jid=37800dcdba26feb9",Silicon Beach Solutions,2023-11-01T17:17:26Z,,37800dcdba26feb9,2024-02-01T12:37:05Z
Business Analyst I,Los Angeles,$49.88 - $71.25 / hr,Contractor,"https://www.ziprecruiter.com/c/Genesis-Corp.-New-Journey-AI-LLC/Job/Business-Analyst-I/-in-Los-Angeles,CA?jid=da6f6749558ff6c3",Genesis Corp./New Journey AI LLC,2024-01-30T22:38:04Z,,da6f6749558ff6c3,2024-02-01T12:37:05Z
Business Analyst - (REMOTE),Olympia,$60 - $65 / hr,Contractor,"https://www.ziprecruiter.com/c/Elyon-International,-Inc./Job/Business-Analyst-(REMOTE)/-in-Olympia,WA?jid=fed241b7949c0302","Elyon International, Inc.",2024-01-21T10:43:29Z,remote,fed241b7949c0302,2024-02-01T12:37:05Z
Business Analyst,Oakland,$30 - $45 / hr,Contractor,"https://www.ziprecruiter.com/c/MetroSys/Job/Business-Analyst/-in-Oakland,CA?jid=168e6050ba7aff0d",MetroSys,2023-11-22T01:30:19Z,,168e6050ba7aff0d,2024-02-01T12:37:05Z
High Commission-Based B2B (SaaS) Sales Specialist,Los Angeles,$6K - $250K / yr,Contractor,"https://www.ziprecruiter.com/c/Kentro.io/Job/High-Commission-Based-B2B-(SaaS)-Sales-Specialist/-in-Los-Angeles,CA?jid=101914e2a856ec2b",Kentro.io,2024-01-31T22:27:45Z,remote,101914e2a856ec2b,2024-02-01T12:37:05Z
Business Analyst,Remote,$0 / ,Contractor,"https://www.ziprecruiter.com/c/AppLab-Systems,-Inc./Job/Business-Analyst/-in-Remote,OR?jid=5c4d80ced10c9151","AppLab Systems, Inc.",2022-11-15T08:00:00Z,remote,5c4d80ced10c9151,2024-02-01T12:37:05Z
Business Analyst (CBAP Certified),Annapolis,$0 / ,Contractor,"https://www.ziprecruiter.com/c/Radiant-Digital/Job/Business-Analyst-(CBAP-Certified)/-in-Annapolis,MD?jid=ad3750688cb65935",Radiant Digital,2024-01-16T17:32:06Z,,ad3750688cb65935,2024-02-01T12:37:05Z
Business Systems Analyst,West Sacramento,$70 / hr,Contractor,"https://www.ziprecruiter.com/c/Estrada-Consulting-Incorporated/Job/Business-Systems-Analyst/-in-West-Sacramento,CA?jid=32c7c2ccd9298838",Estrada Consulting Incorporated,2024-01-04T12:04:47Z,,32c7c2ccd9298838,2024-02-01T12:37:05Z
Marketing Business Analyst (Project Manager),Bellevue,$76.58 - $79.22 / hr,Contractor,"https://www.ziprecruiter.com/c/Intelliswift-Software-Inc/Job/Marketing-Business-Analyst-(Project-Manager)/-in-Bellevue,WA?jid=3b1860319896897c",Intelliswift Software Inc,2024-01-18T04:23:48Z,,3b1860319896897c,2024-02-01T12:37:05Z
Business Analyst Co-op,Vancouver,$0 / ,Contractor,"https://www.ziprecruiter.com/c/Teck-Resources-Limited/Job/Business-Analyst-Co-op/-in-Vancouver,WA?jid=0a77211387d630b4",Teck Resources Limited,2024-01-31T08:00:00Z,,0a77211387d630b4,2024-02-01T12:37:05Z
Business Analyst,Remote,$0 / ,Contractor,"https://www.ziprecruiter.com/c/Advansys/Job/Business-Analyst/-in-Remote,OR?jid=374bd3fccc38d2b9",Advansys,2021-04-21T07:00:00Z,remote,374bd3fccc38d2b9,2024-02-01T12:37:05Z
Forklift Operator,Kirkland,$25.06 / hr,Contractor,"https://www.ziprecruiter.com/c/Aerotek/Job/Forklift-Operator/-in-Kirkland,WA?jid=0705c994424a9cd5",Aerotek,2024-01-27T03:34:26Z,,0705c994424a9cd5,2024-02-01T12:37:05Z
Business Analyst - Salesforce,Pleasanton,$52 - $69 / hr,Contractor,"https://www.ziprecruiter.com/c/Workday/Job/Business-Analyst-Salesforce/-in-Pleasanton,CA?jid=69116dee20941254",Workday,2024-01-23T03:33:01Z,,69116dee20941254,2024-02-01T12:37:05Z
Business Analyst - III,San Francisco,$58 / hr,Contractor,"https://www.ziprecruiter.com/c/TechDigital-Corporation/Job/Business-Analyst-III/-in-San-Francisco,CA?jid=ff6d33c29826a7f0",TechDigital Corporation,2024-01-05T04:30:56Z,,ff6d33c29826a7f0,2024-02-01T12:37:05Z
MDM - Business Analyst,New York,$0 / ,Contractor,"https://www.ziprecruiter.com/c/eTeam/Job/MDM-Business-Analyst/-in-New-York,NY?jid=4e8c472778a55ab9",eTeam,2023-10-19T07:00:00Z,,4e8c472778a55ab9,2024-02-01T12:37:05Z
Business Analyst,Phoenix,$0 / ,Contractor,"https://www.ziprecruiter.com/c/Knowledge-Services/Job/Business-Analyst/-in-Phoenix,AZ?jid=9584bb889095ff21",Knowledge Services,2024-01-30T01:51:22Z,,9584bb889095ff21,2024-02-01T12:37:05Z
RM- Business Analyst- Silvergate - GPP Business Analyst,New York,$0 / ,Contractor,"https://www.ziprecruiter.com/c/eTeam-Inc/Job/RM-Business-Analyst-Silvergate-GPP-Business-Analyst/-in-New-York,NY?jid=fb652c7190bb7f4e",eTeam Inc,2022-02-17T08:00:00Z,remote,fb652c7190bb7f4e,2024-02-01T12:37:05Z
Business Analyst,Remote,$0 / ,Contractor,"https://www.ziprecruiter.com/c/AppLab-Systems,-Inc./Job/Business-Analyst/-in-Remote,OR?jid=5c4d80ced10c9151","AppLab Systems, Inc.",2022-11-15T08:00:00Z,remote,5c4d80ced10c9151,2024-02-01T12:37:09Z
Forklift Operator,Kirkland,$25.06 / hr,Contractor,"https://www.ziprecruiter.com/c/Aerotek/Job/Forklift-Operator/-in-Kirkland,WA?jid=0705c994424a9cd5",Aerotek,2024-01-27T03:34:26Z,,0705c994424a9cd5,2024-02-01T12:37:09Z
Business Analyst - Salesforce,Pleasanton,$52 - $69 / hr,Contractor,"https://www.ziprecruiter.com/c/Workday/Job/Business-Analyst-Salesforce/-in-Pleasanton,CA?jid=69116dee20941254",Workday,2024-01-23T03:33:01Z,,69116dee20941254,2024-02-01T12:37:09Z
Business Analyst - III,San Francisco,$58 / hr,Contractor,"https://www.ziprecruiter.com/c/TechDigital-Corporation/Job/Business-Analyst-III/-in-San-Francisco,CA?jid=ff6d33c29826a7f0",TechDigital Corporation,2024-01-05T04:30:56Z,,ff6d33c29826a7f0,2024-02-01T12:37:09Z
Business Analyst,Remote,$0 / ,Contractor,"https://www.ziprecruiter.com/c/Advansys/Job/Business-Analyst/-in-Remote,OR?jid=374bd3fccc38d2b9",Advansys,2021-04-21T07:00:00Z,remote,374bd3fccc38d2b9,2024-02-01T12:37:09Z
Business Analyst (CBAP Certified),Annapolis,$0 / ,Contractor,"https://www.ziprecruiter.com/c/Radiant-Digital/Job/Business-Analyst-(CBAP-Certified)/-in-Annapolis,MD?jid=ad3750688cb65935",Radiant Digital,2024-01-16T17:32:06Z,,ad3750688cb65935,2024-02-01T12:37:09Z
Infrastructure Business Analyst Co-op,Vancouver,$0 / ,Contractor,"https://www.ziprecruiter.com/c/Teck-Resources-Limited/Job/Infrastructure-Business-Analyst-Co-op/-in-Vancouver,WA?jid=9b054d9007b8385b",Teck Resources Limited,2024-01-31T08:00:00Z,,9b054d9007b8385b,2024-02-01T12:37:09Z
Business Analyst/ Short Term Remote - 1 month Contract,Remote,$0 / ,Contractor,"https://www.ziprecruiter.com/c/Suncap-Technology/Job/Business-Analyst-Short-Term-Remote-1-month-Contract/-in-Remote,OR?jid=67114b1b59bb06d3",Suncap Technology,2024-01-22T08:00:00Z,,67114b1b59bb06d3,2024-02-01T12:37:09Z
Salesforce Business System Analyst,Pleasanton,$50 - $66 / hr,Contractor,"https://www.ziprecruiter.com/c/Workday/Job/Salesforce-Business-System-Analyst/-in-Pleasanton,CA?jid=d78d0d351fc2e063",Workday,2023-09-23T10:46:28Z,,d78d0d351fc2e063,2024-02-01T12:37:09Z
Technical Business Analyst / Sr. Product Owner,Los Angeles,$57 - $63 / hr,Contractor,"https://www.ziprecruiter.com/c/iSpace-Inc./Job/Technical-Business-Analyst-Sr.-Product-Owner/-in-Los-Angeles,CA?jid=a1496ae3d906e319",iSpace Inc.,2023-12-14T04:27:04Z,remote,a1496ae3d906e319,2024-02-01T12:37:09Z
"Business Analyst, SAP PLM Registration",San Mateo,$0 / ,Contractor,"https://www.ziprecruiter.com/c/I.T.-Solutions/Job/Business-Analyst,-SAP-PLM-Registration/-in-San-Mateo,CA?jid=8c086d82e44eabf9",I.T. Solutions,2024-01-29T08:00:00Z,,8c086d82e44eabf9,2024-02-01T12:37:09Z
Account Payable Specialist- Long term contract,Litchfield Park,$21 - $26 / hr,Contractor,"https://www.ziprecruiter.com/c/JCO-Workforce-Solutions,-LLC/Job/Account-Payable-Specialist-Long-term-contract/-in-Litchfield-Park,AZ?jid=13321ec6b534c566","JCO Workforce Solutions, LLC",2023-11-11T00:09:12Z,,13321ec6b534c566,2024-02-01T12:37:09Z
Business Analyst (41431),Phoenix,$0 / ,Contractor,"https://www.ziprecruiter.com/c/IDEALFORCE-LLC/Job/Business-Analyst-(41431)/-in-Phoenix,AZ?jid=cfa5221e49b6d5fb",IDEALFORCE LLC,2016-07-08T07:00:00Z,,cfa5221e49b6d5fb,2024-02-01T12:37:09Z
Service Now Business Analyst,Seattle,$0 / ,Contractor,"https://www.ziprecruiter.com/c/Resource-Logistics/Job/Service-Now-Business-Analyst/-in-Seattle,WA?jid=00fbfb05fd940703",Resource Logistics,2024-01-26T08:00:00Z,,00fbfb05fd940703,2024-02-01T12:37:09Z
Business Analyst,Oakland,$52 - $60 / hr,Contractor,"https://www.ziprecruiter.com/c/Global-Technical-Talent/Job/Business-Analyst/-in-Oakland,CA?jid=aeccd330bca1fb72",Global Technical Talent,2024-01-16T08:00:00Z,,aeccd330bca1fb72,2024-02-01T12:37:09Z
Senior Project Analyst,Newport Beach,$45 - $55 / hr,Contractor,"https://www.ziprecruiter.com/c/Peregrine-Team/Job/Senior-Project-Analyst/-in-Newport-Beach,CA?jid=696046f07b3f513b",Peregrine Team,2024-01-12T04:08:22Z,,696046f07b3f513b,2024-02-01T12:37:09Z
Business Analyst(33685),Phoenix,$0 / ,Contractor,"https://www.ziprecruiter.com/c/IDEALFORCE-LLC/Job/Business-Analyst(33685)/-in-Phoenix,AZ?jid=3cedadbd4cb5dfec",IDEALFORCE LLC,2015-04-13T07:00:00Z,,3cedadbd4cb5dfec,2024-02-01T12:37:09Z
Business Analyst (W2),San Francisco,$33 / hr,Contractor,"https://www.ziprecruiter.com/c/Ask-IT-consulting/Job/Business-Analyst-(W2)/-in-San-Francisco,CA?jid=402d096f9bdbdf78",Ask IT consulting,2017-08-30T07:00:00Z,,402d096f9bdbdf78,2024-02-01T12:37:09Z
"Business Analyst - IAM, Sailpoint, Saviynt",Los Angeles,$78.87 / hr,Contractor,"https://www.ziprecruiter.com/c/Intelliswift-Software-Inc/Job/Business-Analyst-IAM,-Sailpoint,-Saviynt/-in-Los-Angeles,CA?jid=35f4b88934f149cb",Intelliswift Software Inc,2023-11-07T22:23:16Z,,35f4b88934f149cb,2024-02-01T12:37:09Z
Business Analyst with Investment Management expertise,Boston,$0 / ,Contractor,"https://www.ziprecruiter.com/c/Kaygen/Job/Business-Analyst-with-Investment-Management-expertise/-in-Boston,MA?jid=88cf53ff24e92fed",Kaygen,2023-09-27T07:00:00Z,,88cf53ff24e92fed,2024-02-01T12:37:15Z
Business Analyst(33685),Phoenix,$0 / ,Contractor,"https://www.ziprecruiter.com/c/IDEALFORCE-LLC/Job/Business-Analyst(33685)/-in-Phoenix,AZ?jid=3cedadbd4cb5dfec",IDEALFORCE LLC,2015-04-13T07:00:00Z,,3cedadbd4cb5dfec,2024-02-01T12:37:15Z
Wells Fargo - Loan IQ Business Analyst,Irving,$0 / ,Contractor,"https://www.ziprecruiter.com/c/Artech/Job/Wells-Fargo-Loan-IQ-Business-Analyst/-in-Irving,TX?jid=afcf949a890e26e3",Artech,2023-09-26T07:00:00Z,,afcf949a890e26e3,2024-02-01T12:37:15Z
Business Analyst with Pricefx Experience - Remote,Alturas,$0 / ,Contractor,"https://www.ziprecruiter.com/c/Release-Manger-Project-Manager-The-Dignify-Solutions/Job/Business-Analyst-with-Pricefx-Experience-Remote/-in-Alturas,CA?jid=01abfa45551ee5b1",Release Manger/ Project Manager - The Dignify Solutions,2023-10-19T07:00:00Z,remote,01abfa45551ee5b1,2024-02-01T12:37:15Z
Business Systems Analyst II,Somerville,$0 / ,Contractor,"https://www.ziprecruiter.com/c/TalentBurst,-Inc./Job/Business-Systems-Analyst-II/-in-Somerville,NJ?jid=246b5dfdfe0c9734","TalentBurst, Inc.",2024-01-30T08:00:00Z,,246b5dfdfe0c9734,2024-02-01T12:37:15Z
Business Analyst,Frisco,$0 / ,Contractor,"https://www.ziprecruiter.com/c/Micasa-Global/Job/Business-Analyst/-in-Frisco,TX?jid=57deb0b8c2701697",Micasa Global,2022-01-05T16:50:50Z,,57deb0b8c2701697,2024-02-01T12:37:15Z
Business Analyst - Systems Analyst,Las Vegas,$30 / hr,Contractor,"https://www.ziprecruiter.com/c/BCforward/Job/Business-Analyst-Systems-Analyst/-in-Las-Vegas,NV?jid=818ca4573dffc5a3",BCforward,2016-10-17T07:00:00Z,,818ca4573dffc5a3,2024-02-01T12:37:15Z
Salesforce Business Analyst (Service Cloud),Sunnyvale,$0 / ,Contractor,"https://www.ziprecruiter.com/c/Staffroot/Job/Salesforce-Business-Analyst-(Service-Cloud)/-in-Sunnyvale,CA?jid=d889ac9370325229",Staffroot,2024-01-30T23:34:36Z,,d889ac9370325229,2024-02-01T12:37:15Z
Business Analyst,Harrisburg,$0 / ,Contractor,"https://www.ziprecruiter.com/c/Crescens-Inc./Job/Business-Analyst/-in-Harrisburg,PA?jid=347755226507ce4b",Crescens Inc.,2021-02-09T00:32:44Z,,347755226507ce4b,2024-02-01T12:37:15Z
Independent Contractor - Tax Preparer,Denver,$18 - $30 / hr,Contractor,"https://www.ziprecruiter.com/c/RUE-Specialty-Services/Job/Independent-Contractor-Tax-Preparer/-in-Denver,CO?jid=629b255fed1e5829",RUE Specialty Services,2024-01-03T22:56:20Z,remote,629b255fed1e5829,2024-02-01T12:37:15Z
Pricing Operations Analyst,San Jose,$50 - $52 / hr,Contractor,"https://www.ziprecruiter.com/c/IntelliPro-Group-Inc./Job/Pricing-Operations-Analyst/-in-San-Jose,CA?jid=0cacd570602289f6",IntelliPro Group Inc.,2024-01-31T00:18:40Z,,0cacd570602289f6,2024-02-01T12:37:15Z
EDI Business Analyst,Denver,$0 / ,Contractor,"https://www.ziprecruiter.com/c/Quantix/Job/EDI-Business-Analyst/-in-Denver,CO?jid=632938c7f1ed2a82",Quantix,2017-01-19T08:00:00Z,,632938c7f1ed2a82,2024-02-01T12:37:15Z
Business Analyst,Irvine,$0 / ,Contractor,"https://www.ziprecruiter.com/c/Two95-International-Inc./Job/Business-Analyst/-in-Irvine,CA?jid=c2adb0870d2924f5",Two95 International Inc.,2018-09-20T22:37:52Z,,c2adb0870d2924f5,2024-02-01T12:37:15Z
Finance transformation Portfolio Manager,San Francisco,$80 - $90 / hr,Contractor,"https://www.ziprecruiter.com/c/FOCUSKPI-INC/Job/Finance-transformation-Portfolio-Manager/-in-San-Francisco,CA?jid=349b5a3a67026d07",FOCUSKPI INC,2024-01-30T00:23:14Z,remote,349b5a3a67026d07,2024-02-01T12:37:15Z
EAD GC and Citizens Only Business Analyst with Insurance,Newport Beach,$0 / ,Contractor,"https://www.ziprecruiter.com/c/USM/Job/EAD-GC-and-Citizens-Only-Business-Analyst-with-Insurance/-in-Newport-Beach,CA?jid=f6ef50cb9e373e12",USM,2016-07-18T07:00:00Z,,f6ef50cb9e373e12,2024-02-01T12:37:15Z
"Technical Business Analyst - Telcommunication knowledge of billing systems (SQL, Agile, IVR)",Saint Louis,$0 / ,Contractor,"https://www.ziprecruiter.com/c/Virtusa/Job/Technical-Business-Analyst-Telcommunication-knowledge-of-billing-systems-(SQL,-Agile,-IVR)/-in-Saint-Louis,MO?jid=5ffb3e7d0e5422ea",Virtusa,2024-01-31T05:26:36Z,remote,5ffb3e7d0e5422ea,2024-02-01T12:37:15Z
Social Media Expert,Irvine,$200 - $350 / wk,Contractor,"https://www.ziprecruiter.com/c/Powerhouse-Esports-INC/Job/Social-Media-Expert/-in-Irvine,CA?jid=89252377be49ce8d",Powerhouse Esports INC,2024-01-26T18:08:15Z,,89252377be49ce8d,2024-02-01T12:37:15Z
Senior Business Analyst with P&C - 100% Remote,Waimanalo,$92K - $119K / yr,Contractor,"https://www.ziprecruiter.com/c/Release-Manger-Project-Manager-The-Dignify-Solutions/Job/Senior-Business-Analyst-with-P&C-100-Remote/-in-Waimanalo,HI?jid=8f018c1401b26718",Release Manger/ Project Manager - The Dignify Solutions,2023-08-25T07:00:00Z,remote,8f018c1401b26718,2024-02-01T12:37:15Z
Business Analyst - Banking,Rosemead,$0 / ,Contractor,"https://www.ziprecruiter.com/c/IT-CURA-Inc./Job/Business-Analyst-Banking/-in-Rosemead,CA?jid=f3d20e7b07df7ed2",IT CURA Inc.,2016-06-28T07:00:00Z,,f3d20e7b07df7ed2,2024-02-01T12:37:15Z
Senior Business Analyst with P&C - 100% Remote,Waimanalo,$92K - $119K / yr,Contractor,"https://www.ziprecruiter.com/c/Release-Manger-Project-Manager-The-Dignify-Solutions/Job/Senior-Business-Analyst-with-P&C-100-Remote/-in-Waimanalo,HI?jid=8f018c1401b26718",Release Manger/ Project Manager - The Dignify Solutions,2023-08-25T07:00:00Z,remote,8f018c1401b26718,2024-02-01T12:37:19Z
EAD GC and Citizens Only Business Analyst with Insurance,Newport Beach,$0 / ,Contractor,"https://www.ziprecruiter.com/c/USM/Job/EAD-GC-and-Citizens-Only-Business-Analyst-with-Insurance/-in-Newport-Beach,CA?jid=f6ef50cb9e373e12",USM,2016-07-18T07:00:00Z,,f6ef50cb9e373e12,2024-02-01T12:37:19Z
"IT Business Analyst, CIP Compliance",Dallas,$20 - $25 / hr,Contractor,"https://www.ziprecruiter.com/c/Genesis-Corp.-New-Journey-AI-LLC/Job/IT-Business-Analyst,-CIP-Compliance/-in-Dallas,TX?jid=3caf3bf1556de8b9",Genesis Corp./New Journey AI LLC,2024-01-04T04:28:39Z,,3caf3bf1556de8b9,2024-02-01T12:37:19Z
Business Intelligence Analyst,San Francisco,$75 / hr,Contractor,"https://www.ziprecruiter.com/c/Estrada-Consulting-Incorporated/Job/Business-Intelligence-Analyst/-in-San-Francisco,CA?jid=0008e628e95ca8b5",Estrada Consulting Incorporated,2024-01-22T21:58:38Z,,0008e628e95ca8b5,2024-02-01T12:37:19Z
Business Analyst - Banking,Rosemead,$0 / ,Contractor,"https://www.ziprecruiter.com/c/IT-CURA-Inc./Job/Business-Analyst-Banking/-in-Rosemead,CA?jid=f3d20e7b07df7ed2",IT CURA Inc.,2016-06-28T07:00:00Z,,f3d20e7b07df7ed2,2024-02-01T12:37:19Z
Business Analyst,Carson City,$0 / ,Contractor,"https://www.ziprecruiter.com/c/Link-Technologies/Job/Business-Analyst/-in-Carson-City,NV?jid=133a35411c02198d",Link Technologies,2016-11-21T08:00:00Z,,133a35411c02198d,2024-02-01T12:37:19Z
Identity and Access Management Business Analyst,Seattle,$0 / ,Contractor,"https://www.ziprecruiter.com/c/Adept-Solutions-Inc./Job/Identity-and-Access-Management-Business-Analyst/-in-Seattle,WA?jid=737518aa380cbf71",Adept Solutions Inc.,2016-03-29T07:00:00Z,,737518aa380cbf71,2024-02-01T12:37:19Z
Business Analyst,Salem,$0 / ,Contractor,"https://www.ziprecruiter.com/c/Stem-Xpert/Job/Business-Analyst/-in-Salem,OR?jid=ae443625ff4fb5c7",Stem Xpert,2014-08-15T07:00:00Z,,ae443625ff4fb5c7,2024-02-01T12:37:19Z
Business Analyst (PSO Engineering),Seattle,$0 / ,Contractor,"https://www.ziprecruiter.com/c/Abacus-Service-Corporation/Job/Business-Analyst-(PSO-Engineering)/-in-Seattle,WA?jid=e85140f1041dbe17",Abacus Service Corporation,2023-11-09T08:00:00Z,,e85140f1041dbe17,2024-02-01T12:37:19Z
IT Business Analyst - Court Interpreter System,Seattle,$0 / ,Contractor,"https://www.ziprecruiter.com/c/Sabot-Consulting/Job/IT-Business-Analyst-Court-Interpreter-System/-in-Seattle,WA?jid=bd46015dc4746e60",Sabot Consulting,2024-01-22T05:36:44Z,remote,bd46015dc4746e60,2024-02-01T12:37:19Z
Technical DW/BI Project Manager and Business Analyst,Dover,$0 / ,Contractor,"https://www.ziprecruiter.com/c/RIT-Solutions/Job/Technical-DW-BI-Project-Manager-and-Business-Analyst/-in-Dover,DE?jid=cc65acdd02959101",RIT Solutions,2024-01-30T08:00:00Z,remote,cc65acdd02959101,2024-02-01T12:37:19Z
Business Analyst,Long Beach,$0 / ,Contractor,"https://www.ziprecruiter.com/c/Prosum/Job/Business-Analyst/-in-Long-Beach,CA?jid=2ea52082f8a2a2be",Prosum,2016-03-23T07:00:00Z,,2ea52082f8a2a2be,2024-02-01T12:37:19Z
Business Analyst III,Clark,$45.25 - $62.25 / hr,Contractor,"https://www.ziprecruiter.com/c/Cogent-Infotech/Job/Business-Analyst-III/-in-Clark,NJ?jid=952256d9efbef324",Cogent Infotech,2024-01-17T08:00:00Z,,952256d9efbef324,2024-02-01T12:37:19Z
Business Analyst,Seattle,$0 / ,Contractor,"https://www.ziprecruiter.com/c/Stem-Xpert/Job/Business-Analyst/-in-Seattle,WA?jid=45db26fa7763f05b",Stem Xpert,2014-01-02T08:00:00Z,,45db26fa7763f05b,2024-02-01T12:37:19Z
"Business Analyst, Associate",Reno,$0 / ,Contractor,"https://www.ziprecruiter.com/c/Westinghouse-Electric-Company,-LLC/Job/Business-Analyst,-Associate/-in-Reno,NV?jid=278f3dfaba5fedac","Westinghouse Electric Company, LLC",2023-12-16T10:13:04Z,,278f3dfaba5fedac,2024-02-01T12:37:19Z
IT Business Analyst,Portland,$0 / ,Contractor,"https://www.ziprecruiter.com/c/Mavensoft-Technologies,-LLC./Job/IT-Business-Analyst/-in-Portland,OR?jid=264d5578371bdcaa","Mavensoft Technologies, LLC.",2024-01-24T03:49:36Z,remote,264d5578371bdcaa,2024-02-01T12:37:19Z
Business Analyst,Redmond,$0 / ,Contractor,"https://www.ziprecruiter.com/c/Tepui-Consulting/Job/Business-Analyst/-in-Redmond,WA?jid=eb322924fbcff8bc",Tepui Consulting,2023-07-02T00:00:00Z,,eb322924fbcff8bc,2024-02-01T12:37:19Z
Business Analyst - License Royalty,Redmond,$0 / ,Contractor,"https://www.ziprecruiter.com/c/Tepui-Consulting/Job/Business-Analyst-License-Royalty/-in-Redmond,WA?jid=c6617e8cfbc2e86f",Tepui Consulting,2023-06-25T00:00:00Z,,c6617e8cfbc2e86f,2024-02-01T12:37:19Z
Business Analyst 3,Austin,$48 - $52.81 / hr,Contractor,"https://www.ziprecruiter.com/c/NextDeavor,-Inc./Job/Business-Analyst-3/-in-Austin,TX?jid=05f79b18c4e74650","NextDeavor, Inc.",2023-12-12T08:00:00Z,remote,05f79b18c4e74650,2024-02-01T12:37:19Z
Sr. Business Analyst,Austin,$92K - $118K / yr,Contractor,"https://www.ziprecruiter.com/c/Computer-Futures/Job/Sr.-Business-Analyst/-in-Austin,TX?jid=69a7e1032acabae2",Computer Futures,2016-05-03T07:00:00Z,,69a7e1032acabae2,2024-02-01T12:37:23Z
Business Systems Analyst II,Somerville,$0 / ,Contractor,"https://www.ziprecruiter.com/c/TalentBurst,-Inc./Job/Business-Systems-Analyst-II/-in-Somerville,NJ?jid=246b5dfdfe0c9734","TalentBurst, Inc.",2024-01-30T08:00:00Z,,246b5dfdfe0c9734,2024-02-01T12:37:23Z
Social Media Expert,Irvine,$200 - $350 / wk,Contractor,"https://www.ziprecruiter.com/c/Powerhouse-Esports-INC/Job/Social-Media-Expert/-in-Irvine,CA?jid=89252377be49ce8d",Powerhouse Esports INC,2024-01-26T18:08:15Z,,89252377be49ce8d,2024-02-01T12:37:23Z
Business Analyst / Functional Lead,Torrance,$0 / ,Contractor,"https://www.ziprecruiter.com/c/Cogent-Infotech/Job/Business-Analyst-Functional-Lead/-in-Torrance,CA?jid=616295c121ccbb26",Cogent Infotech,2023-01-30T08:00:00Z,,616295c121ccbb26,2024-02-01T12:37:23Z
Multiple Financial Business Analysts,El Segundo,$50 / hr,Contractor,"https://www.ziprecruiter.com/c/Motocol/Job/Multiple-Financial-Business-Analysts/-in-El-Segundo,CA?jid=e0ea5222acb0fe12",Motocol,2015-12-02T08:00:00Z,,e0ea5222acb0fe12,2024-02-01T12:37:23Z
Business Analyst (W2),Irvine,$0 / ,Contractor,"https://www.ziprecruiter.com/c/Ask-IT-consulting/Job/Business-Analyst-(W2)/-in-Irvine,CA?jid=75d316315c2cbb83",Ask IT consulting,2017-08-24T07:00:00Z,,75d316315c2cbb83,2024-02-01T12:37:23Z
"Business Analyst - Bellevue, WA",Bellevue,$0 / ,Contractor,"https://www.ziprecruiter.com/c/Deegit-Inc/Job/Business-Analyst-Bellevue,-WA/-in-Bellevue,WA?jid=0bbda513396bdfd5",Deegit Inc,2015-09-16T00:00:00Z,,0bbda513396bdfd5,2024-02-01T12:37:23Z
Business Analyst,Bellevue,$0 / ,Contractor,"https://www.ziprecruiter.com/c/AditiStaffing/Job/Business-Analyst/-in-Bellevue,WA?jid=18fd30639b006401",AditiStaffing,2015-11-10T08:00:00Z,,18fd30639b006401,2024-02-01T12:37:23Z
Sr Business Analyst,Las Vegas,$88K - $114K / yr,Contractor,"https://www.ziprecruiter.com/c/Fusion-HCR/Job/Sr-Business-Analyst/-in-Las-Vegas,NV?jid=77a311c291bcb1a1",Fusion HCR,2023-05-03T06:23:01Z,remote,77a311c291bcb1a1,2024-02-01T12:37:23Z
Business Analyst (only W2),Ventura,$0 / ,Contractor,"https://www.ziprecruiter.com/c/Enegra-systems/Job/Business-Analyst-(only-W2)/-in-Ventura,CA?jid=686221b27197f11e",Enegra systems,2018-03-21T00:00:00Z,,686221b27197f11e,2024-02-01T12:37:23Z
Digital eCommerce Analyst,Calabasas,$30 / hr,Contractor,"https://www.ziprecruiter.com/c/Adecco/Job/Digital-eCommerce-Analyst/-in-Calabasas,CA?jid=2a13145ded493872",Adecco,2024-01-05T00:28:47Z,,2a13145ded493872,2024-02-01T12:37:23Z
Business Analyst (Business Data Analyst),San Francisco,$0 / ,Contractor,"https://www.ziprecruiter.com/c/H1B-Sponsorship-Jobs-in-Usa/Job/Business-Analyst-(Business-Data-Analyst)/-in-San-Francisco,CA?jid=35093afff9755bdb",H1B Sponsorship Jobs in Usa,2023-11-29T08:00:00Z,,35093afff9755bdb,2024-02-01T12:37:23Z
Business Analyst with MES Domain,San Jose,$0 / ,Contractor,"https://www.ziprecruiter.com/c/Micasa-Global/Job/Business-Analyst-with-MES-Domain/-in-San-Jose,CA?jid=05989ea7a062a3fe",Micasa Global,2023-01-19T08:00:00Z,,05989ea7a062a3fe,2024-02-01T12:37:23Z
Lead Business Analyst with Informatica MDM and Customer Life cycle,San Francisco,$0 / ,Contractor,"https://www.ziprecruiter.com/c/Inter-Sources-Inc/Job/Lead-Business-Analyst-with-Informatica-MDM-and-Customer-Life-cycle/-in-San-Francisco,CA?jid=e5154972237cc7e7",Inter Sources Inc,2017-12-19T00:00:00Z,,e5154972237cc7e7,2024-02-01T12:37:23Z
Business Analyst (BA) Configuration Management Specialist (Lead) [1000C0],Olympia,$0 / ,Contractor,"https://www.ziprecruiter.com/c/ProSidian-Consulting,-LLC/Job/Business-Analyst-(BA)-Configuration-Management-Specialist-(Lead)-[1000C0]/-in-Olympia,WA?jid=41bf4a2234bc4a6d","ProSidian Consulting, LLC",2019-03-05T08:00:00Z,,41bf4a2234bc4a6d,2024-02-01T12:37:23Z
Business Analyst,Portland,$0 / ,Contractor,"https://www.ziprecruiter.com/c/Arka-Infotech-Inc/Job/Business-Analyst/-in-Portland,OR?jid=55e407e8d803170c",Arka Infotech Inc,2015-08-11T07:00:00Z,,55e407e8d803170c,2024-02-01T12:37:23Z
Business Analyst Oracle CC&B,Los Angeles,$0 / ,Contractor,"https://www.ziprecruiter.com/c/Deegit-Inc/Job/Business-Analyst-Oracle-CC&B/-in-Los-Angeles,CA?jid=aa8ea327e8b6f0cf",Deegit Inc,2017-03-29T00:00:00Z,,aa8ea327e8b6f0cf,2024-02-01T12:37:23Z
Business System Analyst Lead,Plano,$104K - $136K / yr,Contractor,"https://www.ziprecruiter.com/c/Artech/Job/Business-System-Analyst-Lead/-in-Plano,TX?jid=6e3485034af29667",Artech,2023-12-07T08:00:00Z,,6e3485034af29667,2024-02-01T12:37:23Z
Business Analyst with Manhattan WMS experience,San Francisco,$0 / ,Contractor,"https://www.ziprecruiter.com/c/Tekskills-inc/Job/Business-Analyst-with-Manhattan-WMS-experience/-in-San-Francisco,CA?jid=5f11d4cf8cecd7ce",Tekskills inc,2017-07-18T07:00:00Z,,5f11d4cf8cecd7ce,2024-02-01T12:37:23Z
Sr Project Manager - Digital Web and Leads Projects - Partial Remote,Fountain Valley,$130K - $135K / yr,Contractor,"https://www.ziprecruiter.com/c/Silicon-Beach-Solutions/Job/Sr-Project-Manager-Digital-Web-and-Leads-Projects-Partial-Remote/-in-Fountain-Valley,CA?jid=e97024720a54673f",Silicon Beach Solutions,2023-11-13T22:33:26Z,,e97024720a54673f,2024-02-01T12:37:23Z
"(Agile1)Business Analyst, Associate",Oakland,$48.85 / hr,Contractor,"https://www.ziprecruiter.com/c/Axelon/Job/(Agile1)Business-Analyst,-Associate/-in-Oakland,CA?jid=ff09a50f2b784322",Axelon,2023-12-26T08:00:00Z,,ff09a50f2b784322,2024-02-01T12:37:29Z
Business Analyst,Woodland,$0 / ,Contractor,"https://www.ziprecruiter.com/c/PYRAMID-TECHNOLOGIES/Job/Business-Analyst/-in-Woodland,CA?jid=b05b90599816a750",PYRAMID TECHNOLOGIES,2016-10-27T07:00:00Z,,b05b90599816a750,2024-02-01T12:37:29Z
Title Business Analyst (MS Acess 2010),Sacramento,$0 / ,Contractor,"https://www.ziprecruiter.com/c/Telligentech-Inc/Job/Title-Business-Analyst-(MS-Acess-2010)/-in-Sacramento,CA?jid=2b5c28a6a9f534cb",Telligentech Inc,2013-09-11T07:00:00Z,,2b5c28a6a9f534cb,2024-02-01T12:37:29Z
Business Analyst,Dublin,$0 / ,Contractor,"https://www.ziprecruiter.com/c/GTS-FZCO/Job/Business-Analyst/-in-Dublin,CA?jid=1efb4a902ce6d3cc",GTS FZCO,2017-12-05T08:00:00Z,,1efb4a902ce6d3cc,2024-02-01T12:37:29Z
Business Analyst,Pasadena,$0 / ,Contractor,"https://www.ziprecruiter.com/c/ATR-International/Job/Business-Analyst/-in-Pasadena,CA?jid=457ad415f851c064",ATR International,2018-05-18T07:00:00Z,,457ad415f851c064,2024-02-01T12:37:29Z
IT Project Manager / Business Analyst,Temecula,$0 / ,Contractor,"https://www.ziprecruiter.com/c/Shiftcode-Analytics,-Inc/Job/IT-Project-Manager-Business-Analyst/-in-Temecula,CA?jid=71d4063a7fd2287e","Shiftcode Analytics, Inc",2023-10-20T22:39:22Z,,71d4063a7fd2287e,2024-02-01T12:37:29Z
Business Analyst,Portland,$0 / ,Contractor,"https://www.ziprecruiter.com/c/Arka-Infotech-Inc/Job/Business-Analyst/-in-Portland,OR?jid=55e407e8d803170c",Arka Infotech Inc,2015-08-11T07:00:00Z,,55e407e8d803170c,2024-02-01T12:37:29Z
Business Analyst,Long Beach,$0 / ,Contractor,"https://www.ziprecruiter.com/c/Collabera/Job/Business-Analyst/-in-Long-Beach,CA?jid=7b46206622791368",Collabera,2016-10-11T07:00:00Z,,7b46206622791368,2024-02-01T12:37:29Z
Statistical Assistant (12374),New York,$48 - $52 / hr,Contractor,"https://www.ziprecruiter.com/c/InGenesis/Job/Statistical-Assistant-(12374)/-in-New-York,NY?jid=1f650c8fd8f4ef62",InGenesis,2023-09-14T17:16:47Z,,1f650c8fd8f4ef62,2024-02-01T12:37:29Z
Business Analyst with Manhattan WMS experience,San Francisco,$0 / ,Contractor,"https://www.ziprecruiter.com/c/Tekskills-inc/Job/Business-Analyst-with-Manhattan-WMS-experience/-in-San-Francisco,CA?jid=5f11d4cf8cecd7ce",Tekskills inc,2017-07-18T07:00:00Z,,5f11d4cf8cecd7ce,2024-02-01T12:37:29Z
Business Analyst,Concord,$0 / ,Contractor,"https://www.ziprecruiter.com/c/Perfict-Global/Job/Business-Analyst/-in-Concord,CA?jid=af923f7d874f879a",Perfict Global,2023-11-29T08:00:00Z,,af923f7d874f879a,2024-02-01T12:37:29Z
Project Lead / Technical Delivery Lead,Santa Clara,$60 - $75 / hr,Contractor,"https://www.ziprecruiter.com/c/Laksan-Technologies-LLC/Job/Project-Lead-Technical-Delivery-Lead/-in-Santa-Clara,CA?jid=7ae836e5878df398",Laksan Technologies LLC,2024-01-25T02:57:39Z,,7ae836e5878df398,2024-02-01T12:37:29Z
Business Analyst,Foster City,$0 / ,Contractor,"https://www.ziprecruiter.com/c/Collabera/Job/Business-Analyst/-in-Foster-City,CA?jid=6f5f38135dcc153a",Collabera,2016-02-27T08:00:00Z,,6f5f38135dcc153a,2024-02-01T12:37:29Z
Business Analyst (BA),Fremont,$0 / ,Contractor,"https://www.ziprecruiter.com/c/Beta.SoftSystems/Job/Business-Analyst-(BA)/-in-Fremont,CA?jid=b424d5da72c7fb7d",Beta.SoftSystems,2017-08-31T07:00:00Z,,b424d5da72c7fb7d,2024-02-01T12:37:29Z
Business Analyst - Utility Data Contractors,San Diego,$0 / ,Contractor,"https://www.ziprecruiter.com/c/Shiftcode-Analytics,-Inc/Job/Business-Analyst-Utility-Data-Contractors/-in-San-Diego,CA?jid=adac6c46d75ea85c","Shiftcode Analytics, Inc",2024-01-23T04:40:46Z,,adac6c46d75ea85c,2024-02-01T12:37:29Z
Marketing Intern/ sales,Riverside,$15.75 - $20.75 / hr,Contractor,"https://www.ziprecruiter.com/c/9092956075/Job/Marketing-Intern-sales/-in-Riverside,CA?jid=36de98dd872e4a7f",9092956075,2024-01-11T04:55:52Z,,36de98dd872e4a7f,2024-02-01T12:37:29Z
Business Analyst with IHC (Intermediate Holding Company),San Ramon,$0 / ,Contractor,"https://www.ziprecruiter.com/c/INTELLISWIFT-INC/Job/Business-Analyst-with-IHC-(Intermediate-Holding-Company)/-in-San-Ramon,CA?jid=1c18c746f07e81c6",INTELLISWIFT INC,2015-09-03T07:00:00Z,,1c18c746f07e81c6,2024-02-01T12:37:29Z
Business Analyst and Technical Specialist (Remote),Raleigh,$0 / ,Contractor,"https://www.ziprecruiter.com/c/Serigor-Inc./Job/Business-Analyst-and-Technical-Specialist-(Remote)/-in-Raleigh,NC?jid=a3f00cec4ded948c",Serigor Inc.,2024-01-19T18:14:05Z,,a3f00cec4ded948c,2024-02-01T12:37:29Z
"Business Analyst Calwin - Roseville, CA",Roseville,$0 / ,Contractor,"https://www.ziprecruiter.com/c/Info-Ways/Job/Business-Analyst-Calwin-Roseville,-CA/-in-Roseville,CA?jid=eca5db87a09f82f6",Info-Ways,2017-09-05T07:00:00Z,,eca5db87a09f82f6,2024-02-01T12:37:29Z
Junior Financial Analyst (Pathway to Senior Financial Leadership),Los Angeles,$33 - $43.25 / hr,Contractor,"https://www.ziprecruiter.com/c/Eleven-Recruiting/Job/Junior-Financial-Analyst-(Pathway-to-Senior-Financial-Leadership)/-in-Los-Angeles,CA?jid=1b72959b9ecba144",Eleven Recruiting,2024-01-20T04:23:10Z,,1b72959b9ecba144,2024-02-01T12:37:29Z
